kingdom,phylum,class,order,family,genus,reads,sample
Bacteria,Bacteroidota,Bacteroidia,Bacteroidales,Bacteroidaceae,Prevotella,4594855,BBL6137-PFH7-LFH6-R395-EXP_S508_L003
Bacteria,Bacteroidota,Bacteroidia,Bacteroidales,Bacteroidaceae,Phocaeicola,2819944,BBL6137-PFH7-LFH6-R395-EXP_S508_L003
Bacteria,Bacteroidota,Bacteroidia,Bacteroidales,Bacteroidaceae,Bacteroides,277360,BBL6137-PFH7-LFH6-R395-EXP_S508_L003
Bacteria,Bacteroidota,Bacteroidia,Bacteroidales,Bacteroidaceae,Paraprevotella,85440,BBL6137-PFH7-LFH6-R395-EXP_S508_L003
Bacteria,Bacteroidota,Bacteroidia,Bacteroidales,Bacteroidaceae,Prevotellamassilia,9321,BBL6137-PFH7-LFH6-R395-EXP_S508_L003
Bacteria,Bacteroidota,Bacteroidia,Bacteroidales,Bacteroidaceae,MGYG000002575,630,BBL6137-PFH7-LFH6-R395-EXP_S508_L003
Bacteria,Bacteroidota,Bacteroidia,Bacteroidales,Bacteroidaceae,MGYG000004094,501,BBL6137-PFH7-LFH6-R395-EXP_S508_L003
Bacteria,Bacteroidota,Bacteroidia,Bacteroidales,Bacteroidaceae,OM05-12,281,BBL6137-PFH7-LFH6-R395-EXP_S508_L003
Bacteria,Bacteroidota,Bacteroidia,Bacteroidales,Bacteroidaceae,43-108,271,BBL6137-PFH7-LFH6-R395-EXP_S508_L003
Bacteria,Bacteroidota,Bacteroidia,Bacteroidales,Bacteroidaceae,CAG-462,67,BBL6137-PFH7-LFH6-R395-EXP_S508_L003
Bacteria,Bacteroidota,Bacteroidia,Bacteroidales,Bacteroidaceae,UBA6382,60,BBL6137-PFH7-LFH6-R395-EXP_S508_L003
Bacteria,Bacteroidota,Bacteroidia,Bacteroidales,Bacteroidaceae,CAG-617,14,BBL6137-PFH7-LFH6-R395-EXP_S508_L003
Bacteria,Bacteroidota,Bacteroidia,Bacteroidales,Rikenellaceae,Alistipes,188356,BBL6137-PFH7-LFH6-R395-EXP_S508_L003
Bacteria,Bacteroidota,Bacteroidia,Bacteroidales,Rikenellaceae,Alistipes_A,4015,BBL6137-PFH7-LFH6-R395-EXP_S508_L003
Bacteria,Bacteroidota,Bacteroidia,Bacteroidales,Rikenellaceae,Tidjanibacter,361,BBL6137-PFH7-LFH6-R395-EXP_S508_L003
Bacteria,Bacteroidota,Bacteroidia,Bacteroidales,Tannerellaceae,Parabacteroides,76652,BBL6137-PFH7-LFH6-R395-EXP_S508_L003
Bacteria,Bacteroidota,Bacteroidia,Bacteroidales,Marinifilaceae,Odoribacter,44520,BBL6137-PFH7-LFH6-R395-EXP_S508_L003
Bacteria,Bacteroidota,Bacteroidia,Bacteroidales,Marinifilaceae,Butyricimonas,8922,BBL6137-PFH7-LFH6-R395-EXP_S508_L003
Bacteria,Bacteroidota,Bacteroidia,Bacteroidales,Barnesiellaceae,Barnesiella,52879,BBL6137-PFH7-LFH6-R395-EXP_S508_L003
Bacteria,Bacteroidota,Bacteroidia,Bacteroidales,Muribaculaceae,CAG-279,2773,BBL6137-PFH7-LFH6-R395-EXP_S508_L003
Bacteria,Bacteroidota,Bacteroidia,Bacteroidales,Muribaculaceae,CAG-485,826,BBL6137-PFH7-LFH6-R395-EXP_S508_L003
Bacteria,Bacteroidota,Bacteroidia,Bacteroidales,Muribaculaceae,CAG-873,92,BBL6137-PFH7-LFH6-R395-EXP_S508_L003
Bacteria,Bacteroidota,Bacteroidia,Bacteroidales,Muribaculaceae,Amulumruptor,53,BBL6137-PFH7-LFH6-R395-EXP_S508_L003
Bacteria,Bacteroidota,Bacteroidia,Bacteroidales,Muribaculaceae,UBA7173,90,BBL6137-PFH7-LFH6-R395-EXP_S508_L003
Bacteria,Bacteroidota,Bacteroidia,Bacteroidales,Muribaculaceae,SFTJ01,46,BBL6137-PFH7-LFH6-R395-EXP_S508_L003
Bacteria,Bacteroidota,Bacteroidia,Bacteroidales,Muribaculaceae,Sodaliphilus,24,BBL6137-PFH7-LFH6-R395-EXP_S508_L003
Bacteria,Bacteroidota,Bacteroidia,Bacteroidales,Muribaculaceae,HGM05232,17,BBL6137-PFH7-LFH6-R395-EXP_S508_L003
Bacteria,Bacteroidota,Bacteroidia,Bacteroidales,Muribaculaceae,Paramuribaculum,14,BBL6137-PFH7-LFH6-R395-EXP_S508_L003
Bacteria,Bacteroidota,Bacteroidia,Bacteroidales,Muribaculaceae,Duncaniella,11,BBL6137-PFH7-LFH6-R395-EXP_S508_L003
Bacteria,Bacteroidota,Bacteroidia,Bacteroidales,Muribaculaceae,MGYG000003270,10,BBL6137-PFH7-LFH6-R395-EXP_S508_L003
Bacteria,Bacteroidota,Bacteroidia,Bacteroidales,Coprobacteraceae,Coprobacter,1439,BBL6137-PFH7-LFH6-R395-EXP_S508_L003
Bacteria,Bacteroidota,Bacteroidia,Bacteroidales,UBA932,RC9,223,BBL6137-PFH7-LFH6-R395-EXP_S508_L003
Bacteria,Bacteroidota,Bacteroidia,Bacteroidales,UBA932,UBA1232,174,BBL6137-PFH7-LFH6-R395-EXP_S508_L003
Bacteria,Bacteroidota,Bacteroidia,Bacteroidales,UBA932,CAG-831,34,BBL6137-PFH7-LFH6-R395-EXP_S508_L003
Bacteria,Bacteroidota,Bacteroidia,Bacteroidales,UBA11471,UBA11471,413,BBL6137-PFH7-LFH6-R395-EXP_S508_L003
Bacteria,Bacteroidota,Bacteroidia,Bacteroidales,P3,UBA3388,56,BBL6137-PFH7-LFH6-R395-EXP_S508_L003
Bacteria,Bacteroidota,Bacteroidia,Bacteroidales,F082,F082,24,BBL6137-PFH7-LFH6-R395-EXP_S508_L003
Bacteria,Bacteroidota,Bacteroidia,Flavobacteriales,UBA1820,UBA1820,12,BBL6137-PFH7-LFH6-R395-EXP_S508_L003
Bacteria,Firmicutes_A,Clostridia,Lachnospirales,Lachnospiraceae,Lachnospira,455119,BBL6137-PFH7-LFH6-R395-EXP_S508_L003
Bacteria,Firmicutes_A,Clostridia,Lachnospirales,Lachnospiraceae,Roseburia,90702,BBL6137-PFH7-LFH6-R395-EXP_S508_L003
Bacteria,Firmicutes_A,Clostridia,Lachnospirales,Lachnospiraceae,Acetatifactor,38178,BBL6137-PFH7-LFH6-R395-EXP_S508_L003
Bacteria,Firmicutes_A,Clostridia,Lachnospirales,Lachnospiraceae,Agathobacter,59535,BBL6137-PFH7-LFH6-R395-EXP_S508_L003
Bacteria,Firmicutes_A,Clostridia,Lachnospirales,Lachnospiraceae,CAG-81,31378,BBL6137-PFH7-LFH6-R395-EXP_S508_L003
Bacteria,Firmicutes_A,Clostridia,Lachnospirales,Lachnospiraceae,Enterocloster,15334,BBL6137-PFH7-LFH6-R395-EXP_S508_L003
Bacteria,Firmicutes_A,Clostridia,Lachnospirales,Lachnospiraceae,Blautia_A,16713,BBL6137-PFH7-LFH6-R395-EXP_S508_L003
Bacteria,Firmicutes_A,Clostridia,Lachnospirales,Lachnospiraceae,UBA3402,6927,BBL6137-PFH7-LFH6-R395-EXP_S508_L003
Bacteria,Firmicutes_A,Clostridia,Lachnospirales,Lachnospiraceae,UBA9502,7537,BBL6137-PFH7-LFH6-R395-EXP_S508_L003
Bacteria,Firmicutes_A,Clostridia,Lachnospirales,Lachnospiraceae,Mediterraneibacter,5619,BBL6137-PFH7-LFH6-R395-EXP_S508_L003
Bacteria,Firmicutes_A,Clostridia,Lachnospirales,Lachnospiraceae,Coprococcus,8863,BBL6137-PFH7-LFH6-R395-EXP_S508_L003
Bacteria,Firmicutes_A,Clostridia,Lachnospirales,Lachnospiraceae,Anaerostipes,4751,BBL6137-PFH7-LFH6-R395-EXP_S508_L003
Bacteria,Firmicutes_A,Clostridia,Lachnospirales,Lachnospiraceae,Fusicatenibacter,3521,BBL6137-PFH7-LFH6-R395-EXP_S508_L003
Bacteria,Firmicutes_A,Clostridia,Lachnospirales,Lachnospiraceae,Clostridium_Q,3376,BBL6137-PFH7-LFH6-R395-EXP_S508_L003
Bacteria,Firmicutes_A,Clostridia,Lachnospirales,Lachnospiraceae,TF01-11,3342,BBL6137-PFH7-LFH6-R395-EXP_S508_L003
Bacteria,Firmicutes_A,Clostridia,Lachnospirales,Lachnospiraceae,Anaerosacchariphilus,7538,BBL6137-PFH7-LFH6-R395-EXP_S508_L003
Bacteria,Firmicutes_A,Clostridia,Lachnospirales,Lachnospiraceae,UBA7182,3003,BBL6137-PFH7-LFH6-R395-EXP_S508_L003
Bacteria,Firmicutes_A,Clostridia,Lachnospirales,Lachnospiraceae,UMGS1375,2464,BBL6137-PFH7-LFH6-R395-EXP_S508_L003
Bacteria,Firmicutes_A,Clostridia,Lachnospirales,Lachnospiraceae,Ruminococcus_A,2057,BBL6137-PFH7-LFH6-R395-EXP_S508_L003
Bacteria,Firmicutes_A,Clostridia,Lachnospirales,Lachnospiraceae,Dorea_A,1735,BBL6137-PFH7-LFH6-R395-EXP_S508_L003
Bacteria,Firmicutes_A,Clostridia,Lachnospirales,Lachnospiraceae,Eubacterium_G,1517,BBL6137-PFH7-LFH6-R395-EXP_S508_L003
Bacteria,Firmicutes_A,Clostridia,Lachnospirales,Lachnospiraceae,Bariatricus,1436,BBL6137-PFH7-LFH6-R395-EXP_S508_L003
Bacteria,Firmicutes_A,Clostridia,Lachnospirales,Lachnospiraceae,KLE1615,1360,BBL6137-PFH7-LFH6-R395-EXP_S508_L003
Bacteria,Firmicutes_A,Clostridia,Lachnospirales,Lachnospiraceae,Eubacterium_I,1246,BBL6137-PFH7-LFH6-R395-EXP_S508_L003
Bacteria,Firmicutes_A,Clostridia,Lachnospirales,Lachnospiraceae,Anaerobutyricum,1027,BBL6137-PFH7-LFH6-R395-EXP_S508_L003
Bacteria,Firmicutes_A,Clostridia,Lachnospirales,Lachnospiraceae,UBA11774,815,BBL6137-PFH7-LFH6-R395-EXP_S508_L003
Bacteria,Firmicutes_A,Clostridia,Lachnospirales,Lachnospiraceae,Dorea,754,BBL6137-PFH7-LFH6-R395-EXP_S508_L003
Bacteria,Firmicutes_A,Clostridia,Lachnospirales,Lachnospiraceae,CAG-127,796,BBL6137-PFH7-LFH6-R395-EXP_S508_L003
Bacteria,Firmicutes_A,Clostridia,Lachnospirales,Lachnospiraceae,Lachnoclostridium_B,4068,BBL6137-PFH7-LFH6-R395-EXP_S508_L003
Bacteria,Firmicutes_A,Clostridia,Lachnospirales,Lachnospiraceae,UMGS2037,672,BBL6137-PFH7-LFH6-R395-EXP_S508_L003
Bacteria,Firmicutes_A,Clostridia,Lachnospirales,Lachnospiraceae,CAG-95,1164,BBL6137-PFH7-LFH6-R395-EXP_S508_L003
Bacteria,Firmicutes_A,Clostridia,Lachnospirales,Lachnospiraceae,CAG-411,640,BBL6137-PFH7-LFH6-R395-EXP_S508_L003
Bacteria,Firmicutes_A,Clostridia,Lachnospirales,Lachnospiraceae,Schaedlerella,976,BBL6137-PFH7-LFH6-R395-EXP_S508_L003
Bacteria,Firmicutes_A,Clostridia,Lachnospirales,Lachnospiraceae,Coprococcus_A,3243,BBL6137-PFH7-LFH6-R395-EXP_S508_L003
Bacteria,Firmicutes_A,Clostridia,Lachnospirales,Lachnospiraceae,Eisenbergiella,485,BBL6137-PFH7-LFH6-R395-EXP_S508_L003
Bacteria,Firmicutes_A,Clostridia,Lachnospirales,Lachnospiraceae,GCA-900066135,484,BBL6137-PFH7-LFH6-R395-EXP_S508_L003
Bacteria,Firmicutes_A,Clostridia,Lachnospirales,Lachnospiraceae,MGYG000000574,384,BBL6137-PFH7-LFH6-R395-EXP_S508_L003
Bacteria,Firmicutes_A,Clostridia,Lachnospirales,Lachnospiraceae,RUG115,347,BBL6137-PFH7-LFH6-R395-EXP_S508_L003
Bacteria,Firmicutes_A,Clostridia,Lachnospirales,Lachnospiraceae,1XD42-69,251,BBL6137-PFH7-LFH6-R395-EXP_S508_L003
Bacteria,Firmicutes_A,Clostridia,Lachnospirales,Lachnospiraceae,Ruminococcus_G,374,BBL6137-PFH7-LFH6-R395-EXP_S508_L003
Bacteria,Firmicutes_A,Clostridia,Lachnospirales,Lachnospiraceae,UBA7160,754,BBL6137-PFH7-LFH6-R395-EXP_S508_L003
Bacteria,Firmicutes_A,Clostridia,Lachnospirales,Lachnospiraceae,RUG11200,190,BBL6137-PFH7-LFH6-R395-EXP_S508_L003
Bacteria,Firmicutes_A,Clostridia,Lachnospirales,Lachnospiraceae,AM51-8,207,BBL6137-PFH7-LFH6-R395-EXP_S508_L003
Bacteria,Firmicutes_A,Clostridia,Lachnospirales,Lachnospiraceae,UBA4285,174,BBL6137-PFH7-LFH6-R395-EXP_S508_L003
Bacteria,Firmicutes_A,Clostridia,Lachnospirales,Lachnospiraceae,CAG-317,155,BBL6137-PFH7-LFH6-R395-EXP_S508_L003
Bacteria,Firmicutes_A,Clostridia,Lachnospirales,Lachnospiraceae,Blautia,151,BBL6137-PFH7-LFH6-R395-EXP_S508_L003
Bacteria,Firmicutes_A,Clostridia,Lachnospirales,Lachnospiraceae,CAG-56,172,BBL6137-PFH7-LFH6-R395-EXP_S508_L003
Bacteria,Firmicutes_A,Clostridia,Lachnospirales,Lachnospiraceae,UBA5416,138,BBL6137-PFH7-LFH6-R395-EXP_S508_L003
Bacteria,Firmicutes_A,Clostridia,Lachnospirales,Lachnospiraceae,V9D3004,129,BBL6137-PFH7-LFH6-R395-EXP_S508_L003
Bacteria,Firmicutes_A,Clostridia,Lachnospirales,Lachnospiraceae,Catenibacillus,128,BBL6137-PFH7-LFH6-R395-EXP_S508_L003
Bacteria,Firmicutes_A,Clostridia,Lachnospirales,Lachnospiraceae,COE1,524,BBL6137-PFH7-LFH6-R395-EXP_S508_L003
Bacteria,Firmicutes_A,Clostridia,Lachnospirales,Lachnospiraceae,Lachnoclostridium_A,226,BBL6137-PFH7-LFH6-R395-EXP_S508_L003
Bacteria,Firmicutes_A,Clostridia,Lachnospirales,Lachnospiraceae,CAG-603,108,BBL6137-PFH7-LFH6-R395-EXP_S508_L003
Bacteria,Firmicutes_A,Clostridia,Lachnospirales,Lachnospiraceae,UBA2882,102,BBL6137-PFH7-LFH6-R395-EXP_S508_L003
Bacteria,Firmicutes_A,Clostridia,Lachnospirales,Lachnospiraceae,MGYG000003970,80,BBL6137-PFH7-LFH6-R395-EXP_S508_L003
Bacteria,Firmicutes_A,Clostridia,Lachnospirales,Lachnospiraceae,CAG-590,129,BBL6137-PFH7-LFH6-R395-EXP_S508_L003
Bacteria,Firmicutes_A,Clostridia,Lachnospirales,Lachnospiraceae,Marvinbryantia,73,BBL6137-PFH7-LFH6-R395-EXP_S508_L003
Bacteria,Firmicutes_A,Clostridia,Lachnospirales,Lachnospiraceae,Mediterraneibacter_A,733,BBL6137-PFH7-LFH6-R395-EXP_S508_L003
Bacteria,Firmicutes_A,Clostridia,Lachnospirales,Lachnospiraceae,GCA-900066755,65,BBL6137-PFH7-LFH6-R395-EXP_S508_L003
Bacteria,Firmicutes_A,Clostridia,Lachnospirales,Lachnospiraceae,Bacteroides_F,468,BBL6137-PFH7-LFH6-R395-EXP_S508_L003
Bacteria,Firmicutes_A,Clostridia,Lachnospirales,Lachnospiraceae,Ruminococcus_B,58,BBL6137-PFH7-LFH6-R395-EXP_S508_L003
Bacteria,Firmicutes_A,Clostridia,Lachnospirales,Lachnospiraceae,CAG-510,57,BBL6137-PFH7-LFH6-R395-EXP_S508_L003
Bacteria,Firmicutes_A,Clostridia,Lachnospirales,Lachnospiraceae,Eubacterium_F,116,BBL6137-PFH7-LFH6-R395-EXP_S508_L003
Bacteria,Firmicutes_A,Clostridia,Lachnospirales,Lachnospiraceae,CAG-632,51,BBL6137-PFH7-LFH6-R395-EXP_S508_L003
Bacteria,Firmicutes_A,Clostridia,Lachnospirales,Lachnospiraceae,VUNI01,45,BBL6137-PFH7-LFH6-R395-EXP_S508_L003
Bacteria,Firmicutes_A,Clostridia,Lachnospirales,Lachnospiraceae,Muricomes,44,BBL6137-PFH7-LFH6-R395-EXP_S508_L003
Bacteria,Firmicutes_A,Clostridia,Lachnospirales,Lachnospiraceae,SFDP01,59,BBL6137-PFH7-LFH6-R395-EXP_S508_L003
Bacteria,Firmicutes_A,Clostridia,Lachnospirales,Lachnospiraceae,Butyrivibrio_A,41,BBL6137-PFH7-LFH6-R395-EXP_S508_L003
Bacteria,Firmicutes_A,Clostridia,Lachnospirales,Lachnospiraceae,Hungatella,37,BBL6137-PFH7-LFH6-R395-EXP_S508_L003
Bacteria,Firmicutes_A,Clostridia,Lachnospirales,Lachnospiraceae,CAG-303,36,BBL6137-PFH7-LFH6-R395-EXP_S508_L003
Bacteria,Firmicutes_A,Clostridia,Lachnospirales,Lachnospiraceae,Faecalimonas,35,BBL6137-PFH7-LFH6-R395-EXP_S508_L003
Bacteria,Firmicutes_A,Clostridia,Lachnospirales,Lachnospiraceae,Clostridium_N,35,BBL6137-PFH7-LFH6-R395-EXP_S508_L003
Bacteria,Firmicutes_A,Clostridia,Lachnospirales,Lachnospiraceae,Oribacterium,33,BBL6137-PFH7-LFH6-R395-EXP_S508_L003
Bacteria,Firmicutes_A,Clostridia,Lachnospirales,Lachnospiraceae,Sellimonas,33,BBL6137-PFH7-LFH6-R395-EXP_S508_L003
Bacteria,Firmicutes_A,Clostridia,Lachnospirales,Lachnospiraceae,HGM12587,28,BBL6137-PFH7-LFH6-R395-EXP_S508_L003
Bacteria,Firmicutes_A,Clostridia,Lachnospirales,Lachnospiraceae,Lactonifactor,25,BBL6137-PFH7-LFH6-R395-EXP_S508_L003
Bacteria,Firmicutes_A,Clostridia,Lachnospirales,Lachnospiraceae,UMGS1370,23,BBL6137-PFH7-LFH6-R395-EXP_S508_L003
Bacteria,Firmicutes_A,Clostridia,Lachnospirales,Lachnospiraceae,CAG-45,107,BBL6137-PFH7-LFH6-R395-EXP_S508_L003
Bacteria,Firmicutes_A,Clostridia,Lachnospirales,Lachnospiraceae,Lacrimispora,19,BBL6137-PFH7-LFH6-R395-EXP_S508_L003
Bacteria,Firmicutes_A,Clostridia,Lachnospirales,Lachnospiraceae,MGYG000004604,19,BBL6137-PFH7-LFH6-R395-EXP_S508_L003
Bacteria,Firmicutes_A,Clostridia,Lachnospirales,Lachnospiraceae,Stomatobaculum,17,BBL6137-PFH7-LFH6-R395-EXP_S508_L003
Bacteria,Firmicutes_A,Clostridia,Lachnospirales,Lachnospiraceae,CAG-882,16,BBL6137-PFH7-LFH6-R395-EXP_S508_L003
Bacteria,Firmicutes_A,Clostridia,Lachnospirales,Lachnospiraceae,NC2004,20,BBL6137-PFH7-LFH6-R395-EXP_S508_L003
Bacteria,Firmicutes_A,Clostridia,Lachnospirales,Lachnospiraceae,MGYG000002075,12,BBL6137-PFH7-LFH6-R395-EXP_S508_L003
Bacteria,Firmicutes_A,Clostridia,Lachnospirales,Lachnospiraceae,Acetivibrio_A,12,BBL6137-PFH7-LFH6-R395-EXP_S508_L003
Bacteria,Firmicutes_A,Clostridia,Lachnospirales,Lachnospiraceae,Frisingicoccus,12,BBL6137-PFH7-LFH6-R395-EXP_S508_L003
Bacteria,Firmicutes_A,Clostridia,Lachnospirales,Lachnospiraceae,UBA2856,10,BBL6137-PFH7-LFH6-R395-EXP_S508_L003
Bacteria,Firmicutes_A,Clostridia,Lachnospirales,Anaerotignaceae,Anaerotignum,4503,BBL6137-PFH7-LFH6-R395-EXP_S508_L003
Bacteria,Firmicutes_A,Clostridia,Lachnospirales,Anaerotignaceae,UMGS1670,122,BBL6137-PFH7-LFH6-R395-EXP_S508_L003
Bacteria,Firmicutes_A,Clostridia,Lachnospirales,Anaerotignaceae,HGM11808,21,BBL6137-PFH7-LFH6-R395-EXP_S508_L003
Bacteria,Firmicutes_A,Clostridia,Lachnospirales,CAG-274,CAG-274,574,BBL6137-PFH7-LFH6-R395-EXP_S508_L003
Bacteria,Firmicutes_A,Clostridia,Lachnospirales,CAG-274,HGM11788,167,BBL6137-PFH7-LFH6-R395-EXP_S508_L003
Bacteria,Firmicutes_A,Clostridia,Lachnospirales,UBA1390,NSJ-32,625,BBL6137-PFH7-LFH6-R395-EXP_S508_L003
Bacteria,Firmicutes_A,Clostridia,Oscillospirales,Ruminococcaceae,Faecalibacterium,281852,BBL6137-PFH7-LFH6-R395-EXP_S508_L003
Bacteria,Firmicutes_A,Clostridia,Oscillospirales,Ruminococcaceae,Ruminococcus_D,12837,BBL6137-PFH7-LFH6-R395-EXP_S508_L003
Bacteria,Firmicutes_A,Clostridia,Oscillospirales,Ruminococcaceae,Neobittarella,5602,BBL6137-PFH7-LFH6-R395-EXP_S508_L003
Bacteria,Firmicutes_A,Clostridia,Oscillospirales,Ruminococcaceae,Gemmiger,5434,BBL6137-PFH7-LFH6-R395-EXP_S508_L003
Bacteria,Firmicutes_A,Clostridia,Oscillospirales,Ruminococcaceae,Ruminococcus_C,3957,BBL6137-PFH7-LFH6-R395-EXP_S508_L003
Bacteria,Firmicutes_A,Clostridia,Oscillospirales,Ruminococcaceae,UMGS966,1738,BBL6137-PFH7-LFH6-R395-EXP_S508_L003
Bacteria,Firmicutes_A,Clostridia,Oscillospirales,Ruminococcaceae,Ruminococcus,445,BBL6137-PFH7-LFH6-R395-EXP_S508_L003
Bacteria,Firmicutes_A,Clostridia,Oscillospirales,Ruminococcaceae,Ruthenibacterium,349,BBL6137-PFH7-LFH6-R395-EXP_S508_L003
Bacteria,Firmicutes_A,Clostridia,Oscillospirales,Ruminococcaceae,Bittarella,214,BBL6137-PFH7-LFH6-R395-EXP_S508_L003
Bacteria,Firmicutes_A,Clostridia,Oscillospirales,Ruminococcaceae,QANG01,202,BBL6137-PFH7-LFH6-R395-EXP_S508_L003
Bacteria,Firmicutes_A,Clostridia,Oscillospirales,Ruminococcaceae,UBA3818,154,BBL6137-PFH7-LFH6-R395-EXP_S508_L003
Bacteria,Firmicutes_A,Clostridia,Oscillospirales,Ruminococcaceae,UBA866,121,BBL6137-PFH7-LFH6-R395-EXP_S508_L003
Bacteria,Firmicutes_A,Clostridia,Oscillospirales,Ruminococcaceae,Pygmaiobacter,145,BBL6137-PFH7-LFH6-R395-EXP_S508_L003
Bacteria,Firmicutes_A,Clostridia,Oscillospirales,Ruminococcaceae,Anaerotruncus,103,BBL6137-PFH7-LFH6-R395-EXP_S508_L003
Bacteria,Firmicutes_A,Clostridia,Oscillospirales,Ruminococcaceae,Phocea,84,BBL6137-PFH7-LFH6-R395-EXP_S508_L003
Bacteria,Firmicutes_A,Clostridia,Oscillospirales,Ruminococcaceae,UMGS1826,59,BBL6137-PFH7-LFH6-R395-EXP_S508_L003
Bacteria,Firmicutes_A,Clostridia,Oscillospirales,Ruminococcaceae,D5,58,BBL6137-PFH7-LFH6-R395-EXP_S508_L003
Bacteria,Firmicutes_A,Clostridia,Oscillospirales,Ruminococcaceae,QAMM01,56,BBL6137-PFH7-LFH6-R395-EXP_S508_L003
Bacteria,Firmicutes_A,Clostridia,Oscillospirales,Ruminococcaceae,Negativibacillus,54,BBL6137-PFH7-LFH6-R395-EXP_S508_L003
Bacteria,Firmicutes_A,Clostridia,Oscillospirales,Ruminococcaceae,CAG-115,50,BBL6137-PFH7-LFH6-R395-EXP_S508_L003
Bacteria,Firmicutes_A,Clostridia,Oscillospirales,Ruminococcaceae,UBA1394,24,BBL6137-PFH7-LFH6-R395-EXP_S508_L003
Bacteria,Firmicutes_A,Clostridia,Oscillospirales,Ruminococcaceae,Ruminiclostridium_E,21,BBL6137-PFH7-LFH6-R395-EXP_S508_L003
Bacteria,Firmicutes_A,Clostridia,Oscillospirales,Ruminococcaceae,Angelakisella,20,BBL6137-PFH7-LFH6-R395-EXP_S508_L003
Bacteria,Firmicutes_A,Clostridia,Oscillospirales,Ruminococcaceae,HGM13222,12,BBL6137-PFH7-LFH6-R395-EXP_S508_L003
Bacteria,Firmicutes_A,Clostridia,Oscillospirales,Ruminococcaceae,Ruminococcus_F,11,BBL6137-PFH7-LFH6-R395-EXP_S508_L003
Bacteria,Firmicutes_A,Clostridia,Oscillospirales,Oscillospiraceae,Dysosmobacter,11942,BBL6137-PFH7-LFH6-R395-EXP_S508_L003
Bacteria,Firmicutes_A,Clostridia,Oscillospirales,Oscillospiraceae,Lawsonibacter,40754,BBL6137-PFH7-LFH6-R395-EXP_S508_L003
Bacteria,Firmicutes_A,Clostridia,Oscillospirales,Oscillospiraceae,ER4,7284,BBL6137-PFH7-LFH6-R395-EXP_S508_L003
Bacteria,Firmicutes_A,Clostridia,Oscillospirales,Oscillospiraceae,CAG-83,5269,BBL6137-PFH7-LFH6-R395-EXP_S508_L003
Bacteria,Firmicutes_A,Clostridia,Oscillospirales,Oscillospiraceae,Flavonifractor,814,BBL6137-PFH7-LFH6-R395-EXP_S508_L003
Bacteria,Firmicutes_A,Clostridia,Oscillospirales,Oscillospiraceae,MGYG000002726,524,BBL6137-PFH7-LFH6-R395-EXP_S508_L003
Bacteria,Firmicutes_A,Clostridia,Oscillospirales,Oscillospiraceae,CAG-110,514,BBL6137-PFH7-LFH6-R395-EXP_S508_L003
Bacteria,Firmicutes_A,Clostridia,Oscillospirales,Oscillospiraceae,HGM12998,422,BBL6137-PFH7-LFH6-R395-EXP_S508_L003
Bacteria,Firmicutes_A,Clostridia,Oscillospirales,Oscillospiraceae,Intestinimonas,390,BBL6137-PFH7-LFH6-R395-EXP_S508_L003
Bacteria,Firmicutes_A,Clostridia,Oscillospirales,Oscillospiraceae,Evtepia,224,BBL6137-PFH7-LFH6-R395-EXP_S508_L003
Bacteria,Firmicutes_A,Clostridia,Oscillospirales,Oscillospiraceae,UBA1777,181,BBL6137-PFH7-LFH6-R395-EXP_S508_L003
Bacteria,Firmicutes_A,Clostridia,Oscillospirales,Oscillospiraceae,F23-B02,152,BBL6137-PFH7-LFH6-R395-EXP_S508_L003
Bacteria,Firmicutes_A,Clostridia,Oscillospirales,Oscillospiraceae,HGM13006,160,BBL6137-PFH7-LFH6-R395-EXP_S508_L003
Bacteria,Firmicutes_A,Clostridia,Oscillospirales,Oscillospiraceae,An92,140,BBL6137-PFH7-LFH6-R395-EXP_S508_L003
Bacteria,Firmicutes_A,Clostridia,Oscillospirales,Oscillospiraceae,CAG-170,129,BBL6137-PFH7-LFH6-R395-EXP_S508_L003
Bacteria,Firmicutes_A,Clostridia,Oscillospirales,Oscillospiraceae,Pseudoflavonifractor,80,BBL6137-PFH7-LFH6-R395-EXP_S508_L003
Bacteria,Firmicutes_A,Clostridia,Oscillospirales,Oscillospiraceae,CAG-103,65,BBL6137-PFH7-LFH6-R395-EXP_S508_L003
Bacteria,Firmicutes_A,Clostridia,Oscillospirales,Oscillospiraceae,UMGS1872,27,BBL6137-PFH7-LFH6-R395-EXP_S508_L003
Bacteria,Firmicutes_A,Clostridia,Oscillospirales,Oscillospiraceae,UBA5446,21,BBL6137-PFH7-LFH6-R395-EXP_S508_L003
Bacteria,Firmicutes_A,Clostridia,Oscillospirales,Oscillospiraceae,NK3B98,23,BBL6137-PFH7-LFH6-R395-EXP_S508_L003
Bacteria,Firmicutes_A,Clostridia,Oscillospirales,Oscillospiraceae,MGYG000004811,38,BBL6137-PFH7-LFH6-R395-EXP_S508_L003
Bacteria,Firmicutes_A,Clostridia,Oscillospirales,Oscillospiraceae,HGM13010,12,BBL6137-PFH7-LFH6-R395-EXP_S508_L003
Bacteria,Firmicutes_A,Clostridia,Oscillospirales,Oscillospiraceae,UBA9475,11,BBL6137-PFH7-LFH6-R395-EXP_S508_L003
Bacteria,Firmicutes_A,Clostridia,Oscillospirales,Acutalibacteraceae,CAG-180,22547,BBL6137-PFH7-LFH6-R395-EXP_S508_L003
Bacteria,Firmicutes_A,Clostridia,Oscillospirales,Acutalibacteraceae,HGM12814,2932,BBL6137-PFH7-LFH6-R395-EXP_S508_L003
Bacteria,Firmicutes_A,Clostridia,Oscillospirales,Acutalibacteraceae,Ruminococcus_E,601,BBL6137-PFH7-LFH6-R395-EXP_S508_L003
Bacteria,Firmicutes_A,Clostridia,Oscillospirales,Acutalibacteraceae,UMGS1532,516,BBL6137-PFH7-LFH6-R395-EXP_S508_L003
Bacteria,Firmicutes_A,Clostridia,Oscillospirales,Acutalibacteraceae,Eubacterium_R,196,BBL6137-PFH7-LFH6-R395-EXP_S508_L003
Bacteria,Firmicutes_A,Clostridia,Oscillospirales,Acutalibacteraceae,Pseudoruminococcus,178,BBL6137-PFH7-LFH6-R395-EXP_S508_L003
Bacteria,Firmicutes_A,Clostridia,Oscillospirales,Acutalibacteraceae,Hydrogeniiclostridium,163,BBL6137-PFH7-LFH6-R395-EXP_S508_L003
Bacteria,Firmicutes_A,Clostridia,Oscillospirales,Acutalibacteraceae,UMGS1591,141,BBL6137-PFH7-LFH6-R395-EXP_S508_L003
Bacteria,Firmicutes_A,Clostridia,Oscillospirales,Acutalibacteraceae,UMGS856,139,BBL6137-PFH7-LFH6-R395-EXP_S508_L003
Bacteria,Firmicutes_A,Clostridia,Oscillospirales,Acutalibacteraceae,Marseille-P4683,106,BBL6137-PFH7-LFH6-R395-EXP_S508_L003
Bacteria,Firmicutes_A,Clostridia,Oscillospirales,Acutalibacteraceae,UBA1417,219,BBL6137-PFH7-LFH6-R395-EXP_S508_L003
Bacteria,Firmicutes_A,Clostridia,Oscillospirales,Acutalibacteraceae,UMGS905,92,BBL6137-PFH7-LFH6-R395-EXP_S508_L003
Bacteria,Firmicutes_A,Clostridia,Oscillospirales,Acutalibacteraceae,UMGS403,51,BBL6137-PFH7-LFH6-R395-EXP_S508_L003
Bacteria,Firmicutes_A,Clostridia,Oscillospirales,Acutalibacteraceae,Clostridium_A,48,BBL6137-PFH7-LFH6-R395-EXP_S508_L003
Bacteria,Firmicutes_A,Clostridia,Oscillospirales,Acutalibacteraceae,UBA737,48,BBL6137-PFH7-LFH6-R395-EXP_S508_L003
Bacteria,Firmicutes_A,Clostridia,Oscillospirales,Acutalibacteraceae,UMGS1491,43,BBL6137-PFH7-LFH6-R395-EXP_S508_L003
Bacteria,Firmicutes_A,Clostridia,Oscillospirales,Acutalibacteraceae,UBA945,39,BBL6137-PFH7-LFH6-R395-EXP_S508_L003
Bacteria,Firmicutes_A,Clostridia,Oscillospirales,Acutalibacteraceae,UMGS1071,35,BBL6137-PFH7-LFH6-R395-EXP_S508_L003
Bacteria,Firmicutes_A,Clostridia,Oscillospirales,Acutalibacteraceae,Acutalibacter,32,BBL6137-PFH7-LFH6-R395-EXP_S508_L003
Bacteria,Firmicutes_A,Clostridia,Oscillospirales,Acutalibacteraceae,MGYG000000505,25,BBL6137-PFH7-LFH6-R395-EXP_S508_L003
Bacteria,Firmicutes_A,Clostridia,Oscillospirales,Acutalibacteraceae,UMGS1484,26,BBL6137-PFH7-LFH6-R395-EXP_S508_L003
Bacteria,Firmicutes_A,Clostridia,Oscillospirales,Acutalibacteraceae,CAG-217,18,BBL6137-PFH7-LFH6-R395-EXP_S508_L003
Bacteria,Firmicutes_A,Clostridia,Oscillospirales,Acutalibacteraceae,Anaeromassilibacillus,17,BBL6137-PFH7-LFH6-R395-EXP_S508_L003
Bacteria,Firmicutes_A,Clostridia,Oscillospirales,Butyricicoccaceae,Agathobaculum,8453,BBL6137-PFH7-LFH6-R395-EXP_S508_L003
Bacteria,Firmicutes_A,Clostridia,Oscillospirales,Butyricicoccaceae,Butyricicoccus,305,BBL6137-PFH7-LFH6-R395-EXP_S508_L003
Bacteria,Firmicutes_A,Clostridia,Oscillospirales,Butyricicoccaceae,AM07-15,125,BBL6137-PFH7-LFH6-R395-EXP_S508_L003
Bacteria,Firmicutes_A,Clostridia,Oscillospirales,Butyricicoccaceae,UBA4644,29,BBL6137-PFH7-LFH6-R395-EXP_S508_L003
Bacteria,Firmicutes_A,Clostridia,Oscillospirales,Butyricicoccaceae,MGYG000003305,17,BBL6137-PFH7-LFH6-R395-EXP_S508_L003
Bacteria,Firmicutes_A,Clostridia,Oscillospirales,CAG-272,CAG-272,65,BBL6137-PFH7-LFH6-R395-EXP_S508_L003
Bacteria,Firmicutes_A,Clostridia,Oscillospirales,CAG-272,UBA1740,63,BBL6137-PFH7-LFH6-R395-EXP_S508_L003
Bacteria,Firmicutes_A,Clostridia,Oscillospirales,CAG-272,CAG-448,44,BBL6137-PFH7-LFH6-R395-EXP_S508_L003
Bacteria,Firmicutes_A,Clostridia,Oscillospirales,CAG-272,CAG-724,30,BBL6137-PFH7-LFH6-R395-EXP_S508_L003
Bacteria,Firmicutes_A,Clostridia,Oscillospirales,CAG-272,UMGS902,19,BBL6137-PFH7-LFH6-R395-EXP_S508_L003
Bacteria,Firmicutes_A,Clostridia,Oscillospirales,CAG-272,UMGS1815,11,BBL6137-PFH7-LFH6-R395-EXP_S508_L003
Bacteria,Firmicutes_A,Clostridia,Oscillospirales,CAG-272,CAG-390,11,BBL6137-PFH7-LFH6-R395-EXP_S508_L003
Bacteria,Firmicutes_A,Clostridia,Oscillospirales,CAG-382,UMGS1307,36,BBL6137-PFH7-LFH6-R395-EXP_S508_L003
Bacteria,Firmicutes_A,Clostridia,Oscillospirales,CAG-382,UMGS1052,25,BBL6137-PFH7-LFH6-R395-EXP_S508_L003
Bacteria,Firmicutes_A,Clostridia,TANB77,CAG-508,CAG-245,4817,BBL6137-PFH7-LFH6-R395-EXP_S508_L003
Bacteria,Firmicutes_A,Clostridia,TANB77,CAG-508,CAG-269,837,BBL6137-PFH7-LFH6-R395-EXP_S508_L003
Bacteria,Firmicutes_A,Clostridia,TANB77,CAG-508,HGM13634,418,BBL6137-PFH7-LFH6-R395-EXP_S508_L003
Bacteria,Firmicutes_A,Clostridia,TANB77,CAG-508,CAG-273,353,BBL6137-PFH7-LFH6-R395-EXP_S508_L003
Bacteria,Firmicutes_A,Clostridia,TANB77,CAG-508,CAG-354,42,BBL6137-PFH7-LFH6-R395-EXP_S508_L003
Bacteria,Firmicutes_A,Clostridia,TANB77,CAG-508,UMGS1781,12,BBL6137-PFH7-LFH6-R395-EXP_S508_L003
Bacteria,Firmicutes_A,Clostridia,TANB77,UBA1234,UBA1234,448,BBL6137-PFH7-LFH6-R395-EXP_S508_L003
Bacteria,Firmicutes_A,Clostridia,TANB77,CAG-465,CAG-465,12,BBL6137-PFH7-LFH6-R395-EXP_S508_L003
Bacteria,Firmicutes_A,Clostridia,Peptostreptococcales,Anaerovoracaceae,UBA1191,680,BBL6137-PFH7-LFH6-R395-EXP_S508_L003
Bacteria,Firmicutes_A,Clostridia,Peptostreptococcales,Anaerovoracaceae,Emergencia,559,BBL6137-PFH7-LFH6-R395-EXP_S508_L003
Bacteria,Firmicutes_A,Clostridia,Peptostreptococcales,Anaerovoracaceae,CAG-238,63,BBL6137-PFH7-LFH6-R395-EXP_S508_L003
Bacteria,Firmicutes_A,Clostridia,Peptostreptococcales,Anaerovoracaceae,S5-A14a,69,BBL6137-PFH7-LFH6-R395-EXP_S508_L003
Bacteria,Firmicutes_A,Clostridia,Peptostreptococcales,Anaerovoracaceae,CAG-145,54,BBL6137-PFH7-LFH6-R395-EXP_S508_L003
Bacteria,Firmicutes_A,Clostridia,Peptostreptococcales,Anaerovoracaceae,Alterileibacterium,29,BBL6137-PFH7-LFH6-R395-EXP_S508_L003
Bacteria,Firmicutes_A,Clostridia,Peptostreptococcales,Anaerovoracaceae,MGYG000004171,20,BBL6137-PFH7-LFH6-R395-EXP_S508_L003
Bacteria,Firmicutes_A,Clostridia,Peptostreptococcales,Peptostreptococcaceae,Romboutsia,17,BBL6137-PFH7-LFH6-R395-EXP_S508_L003
Bacteria,Firmicutes_A,Clostridia,Clostridiales,Clostridiaceae,Clostridium,1134,BBL6137-PFH7-LFH6-R395-EXP_S508_L003
Bacteria,Firmicutes_A,Clostridia,Clostridiales,Clostridiaceae,Clostridium_B,16,BBL6137-PFH7-LFH6-R395-EXP_S508_L003
Bacteria,Firmicutes_A,Clostridia,Tissierellales,Sporanaerobacteraceae,Sporanaerobacter,784,BBL6137-PFH7-LFH6-R395-EXP_S508_L003
Bacteria,Firmicutes_A,Clostridia,Tissierellales,Peptoniphilaceae,Ezakiella,313,BBL6137-PFH7-LFH6-R395-EXP_S508_L003
Bacteria,Firmicutes_A,Clostridia,Monoglobales_A,UBA1381,CAG-41,553,BBL6137-PFH7-LFH6-R395-EXP_S508_L003
Bacteria,Firmicutes_A,Clostridia,Monoglobales_A,UBA1381,MGYG000002758,228,BBL6137-PFH7-LFH6-R395-EXP_S508_L003
Bacteria,Firmicutes_A,Clostridia,Monoglobales_A,UBA1381,HGM11521,177,BBL6137-PFH7-LFH6-R395-EXP_S508_L003
Bacteria,Firmicutes_A,Clostridia,Monoglobales_A,UBA1381,UBA4716,88,BBL6137-PFH7-LFH6-R395-EXP_S508_L003
Bacteria,Firmicutes_A,Clostridia,Monoglobales_A,UBA9506,MGYG000002685,18,BBL6137-PFH7-LFH6-R395-EXP_S508_L003
Bacteria,Firmicutes_A,Clostridia,UMGS1840,UMGS1840,HGM11507,149,BBL6137-PFH7-LFH6-R395-EXP_S508_L003
Bacteria,Firmicutes_A,Clostridia,Monoglobales,Firm-18,MGYG000001903,57,BBL6137-PFH7-LFH6-R395-EXP_S508_L003
Bacteria,Firmicutes_A,Clostridia,Monoglobales,Monoglobaceae,Monoglobus,33,BBL6137-PFH7-LFH6-R395-EXP_S508_L003
Bacteria,Firmicutes_A,Clostridia,HGM11514,HGM11514,HGM11514,59,BBL6137-PFH7-LFH6-R395-EXP_S508_L003
Bacteria,Firmicutes_A,Clostridia,HGM11514,HGM11514,MGYG000002719,31,BBL6137-PFH7-LFH6-R395-EXP_S508_L003
Bacteria,Firmicutes_A,Clostridia,UBA1212,UBA1255,UMGS1537,49,BBL6137-PFH7-LFH6-R395-EXP_S508_L003
Bacteria,Firmicutes_A,Clostridia,UMGS1810,UMGS1810,MGYG000000674,16,BBL6137-PFH7-LFH6-R395-EXP_S508_L003
Bacteria,Firmicutes_A,Clostridia,UMGS1810,UMGS1810,NSJ-50,11,BBL6137-PFH7-LFH6-R395-EXP_S508_L003
Bacteria,Firmicutes_A,Clostridia,RUG12999,RUG12999,MGYG000002683,12,BBL6137-PFH7-LFH6-R395-EXP_S508_L003
Bacteria,Firmicutes_A,Clostridia,UMGS1883,HGM11501,HGM11501,10,BBL6137-PFH7-LFH6-R395-EXP_S508_L003
Bacteria,Firmicutes_A,Clostridia_A,Christensenellales,CAG-138,SFEL01,272,BBL6137-PFH7-LFH6-R395-EXP_S508_L003
Bacteria,Firmicutes_A,Clostridia_A,Christensenellales,CAG-138,UBA5394,10,BBL6137-PFH7-LFH6-R395-EXP_S508_L003
Bacteria,Firmicutes_A,Clostridia_A,Christensenellales,Borkfalkiaceae,UMGS1004,114,BBL6137-PFH7-LFH6-R395-EXP_S508_L003
Bacteria,Firmicutes_A,Clostridia_A,Christensenellales,Borkfalkiaceae,Borkfalkia,42,BBL6137-PFH7-LFH6-R395-EXP_S508_L003
Bacteria,Firmicutes_A,Clostridia_A,Christensenellales,UBA1242,UBA11517,113,BBL6137-PFH7-LFH6-R395-EXP_S508_L003
Bacteria,Firmicutes_A,Clostridia_A,Christensenellales,UBA1242,UBA6345,14,BBL6137-PFH7-LFH6-R395-EXP_S508_L003
Bacteria,Firmicutes_A,Clostridia_A,Christensenellales,QALW01,UMGS1322,98,BBL6137-PFH7-LFH6-R395-EXP_S508_L003
Bacteria,Firmicutes_A,Clostridia_A,Christensenellales,UBA1750,UBA7102,66,BBL6137-PFH7-LFH6-R395-EXP_S508_L003
Bacteria,Firmicutes_A,Clostridia_A,Christensenellales,Christensenellaceae,QAKS01,24,BBL6137-PFH7-LFH6-R395-EXP_S508_L003
Bacteria,Firmicutes_A,Clostridia_A,Christensenellales,Christensenellaceae,QANA01,10,BBL6137-PFH7-LFH6-R395-EXP_S508_L003
Bacteria,Firmicutes_A,Clostridia_A,Christensenellales,HGM11327,HGM11327,32,BBL6137-PFH7-LFH6-R395-EXP_S508_L003
Bacteria,Firmicutes_A,Clostridia_A,Christensenellales,CAG-74,Firm-11,15,BBL6137-PFH7-LFH6-R395-EXP_S508_L003
Bacteria,Firmicutes_A,Clostridia_A,Christensenellales,CAG-74,UMGS1600,14,BBL6137-PFH7-LFH6-R395-EXP_S508_L003
Bacteria,Firmicutes_A,Clostridia_A,Christensenellales,HGM11417,HGM11417,13,BBL6137-PFH7-LFH6-R395-EXP_S508_L003
Bacteria,Firmicutes_A,Clostridia_A,Christensenellales,CAG-552,HGM11386,10,BBL6137-PFH7-LFH6-R395-EXP_S508_L003
Bacteria,Firmicutes_A,Thermoanaerobacteria,Caldanaerobiales,UBA4877,UBA4877,123,BBL6137-PFH7-LFH6-R395-EXP_S508_L003
Bacteria,Firmicutes_C,Negativicutes,Acidaminococcales,Acidaminococcaceae,Phascolarctobacterium_A,150310,BBL6137-PFH7-LFH6-R395-EXP_S508_L003
Bacteria,Firmicutes_C,Negativicutes,Acidaminococcales,Acidaminococcaceae,Acidaminococcus,378,BBL6137-PFH7-LFH6-R395-EXP_S508_L003
Bacteria,Firmicutes_C,Negativicutes,Selenomonadales,Selenomonadaceae,Megamonas,12510,BBL6137-PFH7-LFH6-R395-EXP_S508_L003
Bacteria,Firmicutes_C,Negativicutes,Selenomonadales,Selenomonadaceae,Selenomonas_A,187,BBL6137-PFH7-LFH6-R395-EXP_S508_L003
Bacteria,Firmicutes_C,Negativicutes,Veillonellales,Veillonellaceae,Veillonella,9685,BBL6137-PFH7-LFH6-R395-EXP_S508_L003
Bacteria,Firmicutes_C,Negativicutes,Veillonellales,Veillonellaceae,Veillonella_A,24,BBL6137-PFH7-LFH6-R395-EXP_S508_L003
Bacteria,Firmicutes_C,Negativicutes,Veillonellales,Dialisteraceae,Allisonella,103,BBL6137-PFH7-LFH6-R395-EXP_S508_L003
Bacteria,Firmicutes_C,Negativicutes,Veillonellales,Dialisteraceae,Dialister,49,BBL6137-PFH7-LFH6-R395-EXP_S508_L003
Bacteria,Firmicutes_C,Negativicutes,Veillonellales,Dialisteraceae,UBA1822,34,BBL6137-PFH7-LFH6-R395-EXP_S508_L003
Bacteria,Firmicutes_C,Negativicutes,Veillonellales,Megasphaeraceae,Anaeroglobus,12,BBL6137-PFH7-LFH6-R395-EXP_S508_L003
Bacteria,Firmicutes_C,Negativicutes,Veillonellales,Megasphaeraceae,Megasphaera,11,BBL6137-PFH7-LFH6-R395-EXP_S508_L003
Bacteria,Proteobacteria,Gammaproteobacteria,Burkholderiales,Burkholderiaceae,Sutterella,87477,BBL6137-PFH7-LFH6-R395-EXP_S508_L003
Bacteria,Proteobacteria,Gammaproteobacteria,Burkholderiales,Burkholderiaceae,Parasutterella,984,BBL6137-PFH7-LFH6-R395-EXP_S508_L003
Bacteria,Proteobacteria,Gammaproteobacteria,Burkholderiales,Burkholderiaceae,Oxalobacter,83,BBL6137-PFH7-LFH6-R395-EXP_S508_L003
Bacteria,Proteobacteria,Gammaproteobacteria,Burkholderiales,Neisseriaceae,Neisseria,23,BBL6137-PFH7-LFH6-R395-EXP_S508_L003
Bacteria,Proteobacteria,Gammaproteobacteria,Enterobacterales,Pasteurellaceae,Haemophilus_D,5650,BBL6137-PFH7-LFH6-R395-EXP_S508_L003
Bacteria,Proteobacteria,Gammaproteobacteria,Enterobacterales,Enterobacteriaceae,Escherichia,724,BBL6137-PFH7-LFH6-R395-EXP_S508_L003
Bacteria,Proteobacteria,Gammaproteobacteria,Enterobacterales,Enterobacteriaceae,Klebsiella,96,BBL6137-PFH7-LFH6-R395-EXP_S508_L003
Bacteria,Proteobacteria,Gammaproteobacteria,Enterobacterales,Enterobacteriaceae,Citrobacter,61,BBL6137-PFH7-LFH6-R395-EXP_S508_L003
Bacteria,Proteobacteria,Gammaproteobacteria,Enterobacterales,Enterobacteriaceae,Citrobacter_A,12,BBL6137-PFH7-LFH6-R395-EXP_S508_L003
Bacteria,Proteobacteria,Alphaproteobacteria,RF32,CAG-239,51-20,44139,BBL6137-PFH7-LFH6-R395-EXP_S508_L003
Bacteria,Proteobacteria,Alphaproteobacteria,RF32,CAG-239,CAG-495,1271,BBL6137-PFH7-LFH6-R395-EXP_S508_L003
Bacteria,Firmicutes,Bacilli,RF39,UBA660,CAG-877,21485,BBL6137-PFH7-LFH6-R395-EXP_S508_L003
Bacteria,Firmicutes,Bacilli,RF39,UBA660,RUG705,2598,BBL6137-PFH7-LFH6-R395-EXP_S508_L003
Bacteria,Firmicutes,Bacilli,RF39,UBA660,HGM10836,1747,BBL6137-PFH7-LFH6-R395-EXP_S508_L003
Bacteria,Firmicutes,Bacilli,RF39,UBA660,CAG-460,687,BBL6137-PFH7-LFH6-R395-EXP_S508_L003
Bacteria,Firmicutes,Bacilli,RF39,UBA660,CAG-582,69,BBL6137-PFH7-LFH6-R395-EXP_S508_L003
Bacteria,Firmicutes,Bacilli,RF39,UBA660,UMGS2016,42,BBL6137-PFH7-LFH6-R395-EXP_S508_L003
Bacteria,Firmicutes,Bacilli,RF39,UBA660,UBA5026,424,BBL6137-PFH7-LFH6-R395-EXP_S508_L003
Bacteria,Firmicutes,Bacilli,RF39,UBA660,RUG11198,21,BBL6137-PFH7-LFH6-R395-EXP_S508_L003
Bacteria,Firmicutes,Bacilli,RF39,UBA660,UBA7057,15,BBL6137-PFH7-LFH6-R395-EXP_S508_L003
Bacteria,Firmicutes,Bacilli,RF39,UBA660,CAG-710,14,BBL6137-PFH7-LFH6-R395-EXP_S508_L003
Bacteria,Firmicutes,Bacilli,RF39,UBA660,CAG-884,13,BBL6137-PFH7-LFH6-R395-EXP_S508_L003
Bacteria,Firmicutes,Bacilli,RF39,UBA660,CAG-776,11,BBL6137-PFH7-LFH6-R395-EXP_S508_L003
Bacteria,Firmicutes,Bacilli,Lactobacillales,Streptococcaceae,Streptococcus,15461,BBL6137-PFH7-LFH6-R395-EXP_S508_L003
Bacteria,Firmicutes,Bacilli,Lactobacillales,Streptococcaceae,Lactococcus_A,17,BBL6137-PFH7-LFH6-R395-EXP_S508_L003
Bacteria,Firmicutes,Bacilli,Lactobacillales,Aerococcaceae,Granulicatella,152,BBL6137-PFH7-LFH6-R395-EXP_S508_L003
Bacteria,Firmicutes,Bacilli,Lactobacillales,Enterococcaceae,Enterococcus_A,92,BBL6137-PFH7-LFH6-R395-EXP_S508_L003
Bacteria,Firmicutes,Bacilli,Lactobacillales,Enterococcaceae,Enterococcus_B,12,BBL6137-PFH7-LFH6-R395-EXP_S508_L003
Bacteria,Firmicutes,Bacilli,Lactobacillales,Lactobacillaceae,Lactobacillus,33,BBL6137-PFH7-LFH6-R395-EXP_S508_L003
Bacteria,Firmicutes,Bacilli,Erysipelotrichales,Erysipelotrichaceae,Holdemanella,9647,BBL6137-PFH7-LFH6-R395-EXP_S508_L003
Bacteria,Firmicutes,Bacilli,Erysipelotrichales,Erysipelotrichaceae,Holdemania,1020,BBL6137-PFH7-LFH6-R395-EXP_S508_L003
Bacteria,Firmicutes,Bacilli,Erysipelotrichales,Erysipelotrichaceae,Clostridium_AQ,152,BBL6137-PFH7-LFH6-R395-EXP_S508_L003
Bacteria,Firmicutes,Bacilli,Erysipelotrichales,Erysipelotrichaceae,Bulleidia,293,BBL6137-PFH7-LFH6-R395-EXP_S508_L003
Bacteria,Firmicutes,Bacilli,Erysipelotrichales,Erysipelotrichaceae,Faecalicoccus,27,BBL6137-PFH7-LFH6-R395-EXP_S508_L003
Bacteria,Firmicutes,Bacilli,Erysipelotrichales,Erysipelatoclostridiaceae,Faecalibacillus,2290,BBL6137-PFH7-LFH6-R395-EXP_S508_L003
Bacteria,Firmicutes,Bacilli,Erysipelotrichales,Erysipelatoclostridiaceae,Massiliomicrobiota,800,BBL6137-PFH7-LFH6-R395-EXP_S508_L003
Bacteria,Firmicutes,Bacilli,Erysipelotrichales,Erysipelatoclostridiaceae,Catenibacterium,132,BBL6137-PFH7-LFH6-R395-EXP_S508_L003
Bacteria,Firmicutes,Bacilli,Erysipelotrichales,Erysipelatoclostridiaceae,Erysipelatoclostridium,87,BBL6137-PFH7-LFH6-R395-EXP_S508_L003
Bacteria,Firmicutes,Bacilli,Bacillales,Bacillaceae_G,Bacillus_A,4162,BBL6137-PFH7-LFH6-R395-EXP_S508_L003
Bacteria,Firmicutes,Bacilli,Bacillales_A,Planococcaceae,Lysinibacillus,396,BBL6137-PFH7-LFH6-R395-EXP_S508_L003
Bacteria,Firmicutes,Bacilli,ML615J-28,CAG-313,CAG-313,172,BBL6137-PFH7-LFH6-R395-EXP_S508_L003
Bacteria,Firmicutes,Bacilli,Acholeplasmatales,Anaeroplasmataceae,UMGS268,99,BBL6137-PFH7-LFH6-R395-EXP_S508_L003
Bacteria,Firmicutes,Bacilli,Haloplasmatales_A,Turicibacteraceae,Turicibacter,31,BBL6137-PFH7-LFH6-R395-EXP_S508_L003
Bacteria,Firmicutes,Bacilli,Staphylococcales,Gemellaceae,Gemella,21,BBL6137-PFH7-LFH6-R395-EXP_S508_L003
Bacteria,Firmicutes,Bacilli,RFN20,CAG-449,CAG-449,18,BBL6137-PFH7-LFH6-R395-EXP_S508_L003
Bacteria,Actinobacteriota,Coriobacteriia,Coriobacteriales,Coriobacteriaceae,Collinsella,2793,BBL6137-PFH7-LFH6-R395-EXP_S508_L003
Bacteria,Actinobacteriota,Coriobacteriia,Coriobacteriales,Eggerthellaceae,Adlercreutzia,129,BBL6137-PFH7-LFH6-R395-EXP_S508_L003
Bacteria,Actinobacteriota,Coriobacteriia,Coriobacteriales,Eggerthellaceae,Slackia_A,151,BBL6137-PFH7-LFH6-R395-EXP_S508_L003
Bacteria,Actinobacteriota,Coriobacteriia,Coriobacteriales,Eggerthellaceae,CAG-1427,89,BBL6137-PFH7-LFH6-R395-EXP_S508_L003
Bacteria,Actinobacteriota,Coriobacteriia,Coriobacteriales,Eggerthellaceae,Gordonibacter,19,BBL6137-PFH7-LFH6-R395-EXP_S508_L003
Bacteria,Actinobacteriota,Coriobacteriia,Coriobacteriales,Eggerthellaceae,Eggerthella,11,BBL6137-PFH7-LFH6-R395-EXP_S508_L003
Bacteria,Actinobacteriota,Coriobacteriia,Coriobacteriales,Atopobiaceae,Lancefieldella,46,BBL6137-PFH7-LFH6-R395-EXP_S508_L003
Bacteria,Actinobacteriota,Actinomycetia,Actinomycetales,Bifidobacteriaceae,Bifidobacterium,888,BBL6137-PFH7-LFH6-R395-EXP_S508_L003
Bacteria,Actinobacteriota,Actinomycetia,Actinomycetales,Micrococcaceae,Rothia,612,BBL6137-PFH7-LFH6-R395-EXP_S508_L003
Bacteria,Actinobacteriota,Actinomycetia,Actinomycetales,Actinomycetaceae,Pauljensenia,108,BBL6137-PFH7-LFH6-R395-EXP_S508_L003
Bacteria,Actinobacteriota,Actinomycetia,Actinomycetales,Actinomycetaceae,Actinomyces,11,BBL6137-PFH7-LFH6-R395-EXP_S508_L003
Bacteria,Desulfobacterota,Desulfovibrionia,Desulfovibrionales,Desulfovibrionaceae,Bilophila,706,BBL6137-PFH7-LFH6-R395-EXP_S508_L003
Bacteria,Desulfobacterota,Desulfovibrionia,Desulfovibrionales,Desulfovibrionaceae,Mailhella,21,BBL6137-PFH7-LFH6-R395-EXP_S508_L003
Bacteria,Desulfobacterota,Desulfovibrionia,Desulfovibrionales,Desulfovibrionaceae,Desulfovibrio,18,BBL6137-PFH7-LFH6-R395-EXP_S508_L003
Bacteria,Firmicutes_B,Peptococcia,Peptococcales,Peptococcaceae,UMGS1590,544,BBL6137-PFH7-LFH6-R395-EXP_S508_L003
Bacteria,Cyanobacteria,Vampirovibrionia,Gastranaerophilales,Gastranaerophilaceae,Zag1,240,BBL6137-PFH7-LFH6-R395-EXP_S508_L003
Bacteria,Cyanobacteria,Vampirovibrionia,Gastranaerophilales,Gastranaerophilaceae,CAG-196,168,BBL6137-PFH7-LFH6-R395-EXP_S508_L003
Bacteria,Cyanobacteria,Vampirovibrionia,Gastranaerophilales,Gastranaerophilaceae,CAG-484,105,BBL6137-PFH7-LFH6-R395-EXP_S508_L003
Bacteria,Cyanobacteria,Vampirovibrionia,Gastranaerophilales,Gastranaerophilaceae,UBA2883,19,BBL6137-PFH7-LFH6-R395-EXP_S508_L003
Bacteria,Spirochaetota,Spirochaetia,Treponematales,Treponemataceae,Treponema_D,350,BBL6137-PFH7-LFH6-R395-EXP_S508_L003
Bacteria,Spirochaetota,Brachyspirae,Brachyspirales,Brachyspiraceae,Brachyspira,103,BBL6137-PFH7-LFH6-R395-EXP_S508_L003
Bacteria,Fusobacteriota,Fusobacteriia,Fusobacteriales,Fusobacteriaceae,Fusobacterium_A,58,BBL6137-PFH7-LFH6-R395-EXP_S508_L003
Bacteria,Fusobacteriota,Fusobacteriia,Fusobacteriales,Fusobacteriaceae,Fusobacterium,34,BBL6137-PFH7-LFH6-R395-EXP_S508_L003
Bacteria,Fusobacteriota,Fusobacteriia,Fusobacteriales,Fusobacteriaceae,Fusobacterium_B,29,BBL6137-PFH7-LFH6-R395-EXP_S508_L003
Bacteria,Verrucomicrobiota,Lentisphaeria,Victivallales,Victivallaceae,UMGS1518,42,BBL6137-PFH7-LFH6-R395-EXP_S508_L003
Bacteria,Verrucomicrobiota,Lentisphaeria,Victivallales,Victivallaceae,Victivallis,26,BBL6137-PFH7-LFH6-R395-EXP_S508_L003
Bacteria,Verrucomicrobiota,Verrucomicrobiae,Opitutales,CAG-312,CAG-312,47,BBL6137-PFH7-LFH6-R395-EXP_S508_L003
Bacteria,Campylobacterota,Campylobacteria,Campylobacterales,Campylobacteraceae,Campylobacter_A,56,BBL6137-PFH7-LFH6-R395-EXP_S508_L003
Bacteria,Campylobacterota,Campylobacteria,Campylobacterales,Campylobacteraceae,Campylobacter_B,19,BBL6137-PFH7-LFH6-R395-EXP_S508_L003
Bacteria,Patescibacteria,Saccharimonadia,Saccharimonadales,Saccharimonadaceae,TM7x,38,BBL6137-PFH7-LFH6-R395-EXP_S508_L003
Archaea,Methanobacteriota,Methanobacteria,Methanobacteriales,Methanobacteriaceae,Methanobrevibacter_A,60,BBL6137-PFH7-LFH6-R395-EXP_S508_L003
